OrcPitBossBody	body of the orc pit boss	1	1	1	0	TID_NONE	ATCK_WEAP_WHIP	0	1-1	SPEED_NONE	MOB_NOMOVE	AI_NOMOVE| AI_NOFIGHT	0	BossBody.kod	BossBody.kod:51	BossBody.kod:52	BossBody.kod:53	BossBody.kod:46
EvilTwin	evil twin	1	1	9	0	TID_NONE	ATCK_WEAP_SLASH	0	1-1	SPEED_AVERAGE	0	AI_FIGHT_SINGLEMINDED | AI_FIGHT_MONSTERS | AI_FIGHT_NEWBIESAFE | AI_FIGHT_AGGRESSIVE	0	eviltwin.kod	eviltwin.kod:51	eviltwin.kod:52	eviltwin.kod:53	eviltwin.kod:46
Brambles	patch of bramble	25	25	4	0	TID_NONE	ATCK_WEAP_SLASH	0	1-2	0	MOB_NOMOVE | MOB_NOFIGHT | MOVEON_NOTIFY | MOB_NOQUEST	AI_NOFIGHT | AI_NOMOVE	0	BRAMBLE.kod	BRAMBLE.kod:59	BRAMBLE.kod:60	BRAMBLE.kod:61	BRAMBLE.kod:56
Council	Councilor	25	25	0	0	TID_NONE	ATCK_WEAP_HIT	0	1-2	SPEED_SLOW	MOB_LISTEN | MOB_RANDOM | MOB_RECEIVE	AI_NPC | AI_NOMOVE	0	council.kod	monster.kod:231	monster.kod:230	monster.kod:227	monster.kod:214
Factions		25	25	0	0	TID_NONE	ATCK_WEAP_HIT	0	1-2	SPEED_SLOW	0	AI_NPC | AI_NOMOVE	0	factions.kod	monster.kod:231	monster.kod:230	monster.kod:227	monster.kod:214
Mummy	mummy	25	25	2	-20	TID_NEWBIE_AREA	ATCK_WEAP_HIT	0	1-2	SPEED_VERY_SLOW	0	AI_FIGHT_AGGRESSIVE | AI_MOVE_FLEE_FRIGHTENERS	0	mummy.kod	mummy.kod:47	mummy.kod:48	mummy.kod:49	mummy.kod:44
Priestess	priestess	25	25	0	0	TID_NONE	ATCK_WEAP_HIT	0	1-2	0	0	0	0	priestes.kod	monster.kod:231	monster.kod:230	monster.kod:227	monster.kod:214
SpiderBaby	baby spider	25	25	4	-10	TID_WIMPY	ATCK_WEAP_BITE	0	1-2	SPEED_SLOW	MOB_SPASM	AI_FIGHT_AGGRESSIVE	0	spdrbaby.kod	spdrbaby.kod:48	spdrbaby.kod:49	spdrbaby.kod:50	spdrbaby.kod:42
Temples		25	25	0	0	TID_NONE	ATCK_WEAP_HIT	0	1-2	SPEED_SLOW	0	AI_NPC | AI_NOMOVE	0	temples.kod	monster.kod:231	monster.kod:230	monster.kod:227	monster.kod:214
GraphicTester	test1.bgf	25	25	5	0	TID_NONE	ATCK_WEAP_HIT	0	1-2	SPEED_SLOW	0	0	0	tester.kod	monster.kod:231	tester.kod:51	monster.kod:227	monster.kod:214
Thief	Thief	25	25	0	0	TID_NONE	ATCK_WEAP_HIT	0	1-2	0	MOB_NOFIGHT | MOB_BUYER | MOB_RANDOM | MOB_LISTEN | MOB_NOMOVE	0	0	thief.kod	monster.kod:231	monster.kod:230	monster.kod:227	monster.kod:214
Towns		25	25	0	0	TID_NONE	ATCK_WEAP_HIT	0	1-2	SPEED_AVERAGE	0	AI_NPC | AI_NOMOVE	0	towns.kod	monster.kod:231	monster.kod:230	monster.kod:227	monster.kod:214
FiveCouncilor	Esseldi	25	25	0	0	TID_NONE	ATCK_WEAP_HIT	0	1-2	SPEED_SLOW	MOB_NOFIGHT | MOB_NOMOVE | MOB_LISTEN | MOB_RANDOM | MOB_RECEIVE | MOB_TEACHER | MOB_SELLER	AI_NPC | AI_NOMOVE	MOB_ROLE_COUNCILMEMBER	council/fivecon.kod	monster.kod:231	monster.kod:230	monster.kod:227	monster.kod:214
fourCouncilor	Drechx	25	25	0	0	TID_NONE	ATCK_WEAP_HIT	0	1-2	SPEED_SLOW	MOB_NOFIGHT | MOB_NOMOVE | MOB_LISTEN | MOB_RANDOM | MOB_RECEIVE | MOB_TEACHER	AI_NPC | AI_NOMOVE	MOB_ROLE_COUNCILMEMBER	council/fourcon.kod	monster.kod:231	monster.kod:230	monster.kod:227	monster.kod:214
OneCouncilor	Alzahakar	25	25	0	0	TID_NONE	ATCK_WEAP_HIT	0	1-2	SPEED_SLOW	MOB_NOFIGHT | MOB_NOMOVE | MOB_LISTEN | MOB_RANDOM | MOB_RECEIVE | MOB_TEACHER	AI_NPC | AI_NOMOVE	MOB_ROLE_COUNCILMEMBER	council/onecon.kod	monster.kod:231	monster.kod:230	monster.kod:227	monster.kod:214
ThreeCouncilor	Cylill	25	25	0	0	TID_NONE	ATCK_WEAP_HIT	0	1-2	SPEED_SLOW	MOB_NOFIGHT | MOB_NOMOVE | MOB_LISTEN | MOB_RANDOM | MOB_RECEIVE | MOB_TEACHER	AI_NPC | AI_NOMOVE	MOB_ROLE_COUNCILMEMBER	council/threecon.kod	monster.kod:231	monster.kod:230	monster.kod:227	monster.kod:214
TwoCouncilor	Bei Naq	25	25	0	0	TID_NONE	ATCK_WEAP_HIT	0	1-2	SPEED_SLOW	MOB_NOFIGHT | MOB_NOMOVE | MOB_LISTEN | MOB_RANDOM | MOB_RECEIVE	AI_NPC | AI_NOMOVE	MOB_ROLE_COUNCILMEMBER	council/twocon.kod	monster.kod:231	monster.kod:230	monster.kod:227	monster.kod:214
DukeLiege	Duke Akardius	25	25	0	0	TID_NONE	ATCK_WEAP_HIT	0	1-2	SPEED_SLOW	MOB_NOFIGHT | MOB_LISTEN | MOB_RANDOM | MOB_RECEIVE | MOB_NOMOVE | MOB_PERM_QUESTER | MOB_TEACHER	AI_NPC | AI_NOMOVE	MOB_ROLE_ROYALTY	factions/duke.kod	monster.kod:231	monster.kod:230	factions/duke.kod:47	monster.kod:214
PrincessLiege	Princess Kateriina	25	25	0	0	TID_NONE	ATCK_WEAP_HIT	0	1-2	SPEED_SLOW	MOB_NOFIGHT | MOB_LISTEN | MOB_RANDOM | MOB_RECEIVE | MOB_NOMOVE | MOB_PERM_QUESTER | MOB_TEACHER	AI_NPC | AI_NOMOVE	MOB_ROLE_ROYALTY	factions/princess.kod	monster.kod:231	monster.kod:230	factions/princess.kod:37	monster.kod:214
RebelLiege	Jonas D'Accor	25	25	0	0	TID_NONE	ATCK_WEAP_HIT	0	1-2	SPEED_SLOW	MOB_NOFIGHT | MOB_LISTEN | MOB_RANDOM | MOB_RECEIVE | MOB_NOMOVE | MOB_PERM_QUESTER | MOB_TEACHER	AI_NPC | AI_NOMOVE	MOB_ROLE_ROYALTY	factions/rebel.kod	monster.kod:231	monster.kod:230	factions/rebel.kod:44	monster.kod:214
BlackMummy	shadow mummy	25	25	4	-20	TID_NEWBIE_AREA	ATCK_WEAP_HIT	0	1-2	SPEED_VERY_SLOW	0	AI_FIGHT_AGGRESSIVE | AI_MOVE_FLEE_FRIGHTENERS	0	mummy/blackmum.kod	mummy.kod:47	mummy/blackmum.kod:38	mummy.kod:49	mummy.kod:44
MummyNoTreasure	mummy	25	25	2	-20	TID_NONE	ATCK_WEAP_HIT	0	1-2	SPEED_VERY_SLOW	0	AI_FIGHT_AGGRESSIVE | AI_MOVE_FLEE_FRIGHTENERS	0	mummy/mummyt.kod	mummy.kod:47	mummy.kod:48	mummy.kod:49	mummy/mummyt.kod:24
FarenPriestess	Priestess Tenuv'vyal	25	25	0	0	TID_NONE	ATCK_WEAP_HIT	0	1-2	SPEED_SLOW	MOB_NOFIGHT | MOB_LISTEN | MOB_RANDOM | MOB_RECEIVE | MOB_TEACHER | MOB_COND_SELLER | MOB_NOMOVE | MOB_PERM_QUESTER	AI_NPC | AI_NOMOVE	MOB_ROLE_PRIESTESS	temples/farnprst.kod	monster.kod:231	monster.kod:230	monster.kod:227	monster.kod:214
RiijaMonk	Monk of Riija	25	25	0	0	TID_NONE	ATCK_WEAP_HIT	0	1-2	SPEED_SLOW	MOB_NOFIGHT | MOB_LISTEN | MOB_RANDOM | MOB_RECEIVE | MOB_TEACHER | MOB_PERM_QUESTER | MOB_SELLER	AI_NPC | AI_NOMOVE	MOB_ROLE_PRIESTESS	temples/kcrjmonk.kod	monster.kod:231	monster.kod:230	temples/kcrjmonk.kod:47	monster.kod:214
KraananPriestess	Priestess Qerti'nya	25	25	0	0	TID_NONE	ATCK_WEAP_HIT	0	1-2	SPEED_SLOW	MOB_NOFIGHT | MOB_LISTEN | MOB_RANDOM | MOB_RECEIVE | MOB_TEACHER | MOB_COND_SELLER | MOB_NOMOVE | MOB_PERM_QUESTER	AI_NPC | AI_NOMOVE	MOB_ROLE_PRIESTESS	temples/kranprst.kod	monster.kod:231	monster.kod:230	monster.kod:227	monster.kod:214
QorPriestess	Priestess Zuxana	25	25	0	-90	TID_NONE	ATCK_WEAP_HIT	0	1-2	SPEED_SLOW	MOB_NOFIGHT | MOB_LISTEN | MOB_RANDOM | MOB_RECEIVE | MOB_TEACHER | MOB_COND_SELLER | MOB_PERM_QUESTER | MOB_FULL_TALK	AI_NPC | AI_NOMOVE	MOB_ROLE_PRIESTESS	temples/qorprst.kod	monster.kod:231	monster.kod:230	temples/qorprst.kod:50	monster.kod:214
ShalillePriestess	Priestess Xiana	25	25	0	90	TID_NONE	ATCK_WEAP_HIT	0	1-2	SPEED_SLOW	MOB_NOFIGHT | MOB_LISTEN | MOB_RANDOM | MOB_RECEIVE | MOB_TEACHER | MOB_COND_SELLER | MOB_PERM_QUESTER	AI_NPC | AI_NOMOVE	MOB_ROLE_PRIESTESS	temples/shalprst.kod	monster.kod:231	monster.kod:230	temples/shalprst.kod:47	monster.kod:214
BarloqueTown		25	25	0	0	TID_NONE	ATCK_WEAP_HIT	0	1-2	SPEED_AVERAGE	0	AI_NPC | AI_NOMOVE	0	towns/barlqtwn.kod	monster.kod:231	monster.kod:230	monster.kod:227	monster.kod:214
CorNothTown		25	25	0	0	TID_NONE	ATCK_WEAP_HIT	0	1-2	SPEED_AVERAGE	0	AI_NPC | AI_NOMOVE	0	towns/crnthtwn.kod	monster.kod:231	monster.kod:230	monster.kod:227	monster.kod:214
Decorator	interior design consultant	25	25	0	0	TID_NONE	ATCK_WEAP_HIT	0	1-2	SPEED_AVERAGE	MOB_NOFIGHT | MOB_RANDOM | MOB_NOMOVE | MOB_LISTEN | MOB_RECEIVE | MOB_SELLER	AI_NPC | AI_NOMOVE	MOB_ROLE_SCHOLAR	towns/decoratr.kod	monster.kod:231	monster.kod:230	monster.kod:227	monster.kod:214
Goad	The Goad	25	25	0	0	TID_NONE	ATCK_WEAP_HIT	0	1-2	SPEED_AVERAGE	MOB_NOMOVE | MOB_FULL_TALK | MOB_LISTEN | MOB_NOFIGHT | MOB_NOQUEST	AI_NPC | AI_NOMOVE	MOB_ROLE_WATCHER	towns/Goad.kod	monster.kod:231	monster.kod:230	monster.kod:227	monster.kod:214
HazarTown		25	25	0	0	TID_NONE	ATCK_WEAP_HIT	0	1-2	SPEED_AVERAGE	0	AI_NPC | AI_NOMOVE	0	towns/hazartwn.kod	monster.kod:231	monster.kod:230	monster.kod:227	monster.kod:214
JasperTown		25	25	0	0	TID_NONE	ATCK_WEAP_HIT	0	1-2	SPEED_AVERAGE	0	AI_NPC | AI_NOMOVE	0	towns/jasprtwn.kod	monster.kod:231	monster.kod:230	monster.kod:227	monster.kod:214
KocatanTown		25	25	0	0	TID_NONE	ATCK_WEAP_HIT	0	1-2	SPEED_AVERAGE	0	AI_NPC | AI_NOMOVE	0	towns/kocatwn.kod	monster.kod:231	monster.kod:230	monster.kod:227	monster.kod:214
ladypheonix	LadyPhoenix	25	25	0	0	TID_NONE	ATCK_WEAP_HIT	0	1-2	0	0	0	0	towns/ladyphen.kod	monster.kod:231	monster.kod:230	monster.kod:227	monster.kod:214
MarionTown		25	25	0	0	TID_NONE	ATCK_WEAP_HIT	0	1-2	SPEED_AVERAGE	0	AI_NPC | AI_NOMOVE	0	towns/marntwn.kod	monster.kod:231	monster.kod:230	monster.kod:227	monster.kod:214
TosTown		25	25	0	0	TID_NONE	ATCK_WEAP_HIT	0	1-2	SPEED_AVERAGE	0	AI_NPC | AI_NOMOVE	0	towns/tostwn.kod	monster.kod:231	monster.kod:230	monster.kod:227	monster.kod:214
Wanderer		25	25	0	0	TID_NONE	ATCK_WEAP_HIT	0	1-2	SPEED_AVERAGE	0	AI_NPC | AI_NOMOVE	0	towns/wanderer.kod	monster.kod:231	monster.kod:230	monster.kod:227	monster.kod:214
Assassin	Roq	25	25	0	0	TID_NONE	ATCK_WEAP_HIT	0	1-2	SPEED_AVERAGE	MOB_NOMOVE | MOB_NOFIGHT | MOB_BUYER | MOB_TEACHER	AI_NPC | AI_NOMOVE	MOB_ROLE_ASSASSIN	towns/barlqtwn/assassin.kod	monster.kod:231	monster.kod:230	monster.kod:227	monster.kod:214
BarloqueApothecary	Joguer	25	25	0	0	TID_NONE	ATCK_WEAP_HIT	0	1-2	SPEED_AVERAGE	MOB_NOFIGHT | MOB_BUYER | MOB_SELLER | MOB_NOMOVE | MOB_RANDOM | MOB_LISTEN | MOB_RECEIVE | MOB_TEACHER | MOB_PERM_QUESTER | MOB_LAWFUL | MOB_COND_SELLER	AI_NPC | AI_NOMOVE	MOB_ROLE_APOTHECARY	towns/barlqtwn/bqapoth.kod	monster.kod:231	monster.kod:230	monster.kod:227	monster.kod:214
BarloqueBanker	Setag'lib	25	25	0	0	TID_NONE	ATCK_WEAP_HIT	0	1-2	SPEED_AVERAGE	MOB_NOFIGHT+MOB_BANKER+MOB_NOMOVE+MOB_LISTEN+MOB_RANDOM+MOB_RECEIVE	AI_NPC | AI_NOMOVE	MOB_ROLE_BANKER	towns/barlqtwn/bqbanker.kod	monster.kod:231	monster.kod:230	monster.kod:227	monster.kod:214
BarloqueBartender	Meidei	25	25	0	0	TID_NONE	ATCK_WEAP_HIT	0	1-2	SPEED_AVERAGE	MOB_NOFIGHT | MOB_RANDOM | MOB_NOMOVE | MOB_LISTEN | MOB_RECEIVE | MOB_SELLER | MOB_LAWFUL	AI_NPC | AI_NOMOVE	MOB_ROLE_BARTENDER	towns/barlqtwn/bqbart.kod	monster.kod:231	monster.kod:230	monster.kod:227	monster.kod:214
BarloqueClerk	Caramo	25	25	0	0	TID_NONE	ATCK_WEAP_HIT	0	1-2	SPEED_AVERAGE	MOB_NOFIGHT | MOB_LISTEN | MOB_SELLER | MOB_NOMOVE | MOB_LAWFUL | MOB_FULL_TALK | MOB_RECEIVE	AI_NPC | AI_NOMOVE	0	towns/barlqtwn/bqclerk.kod	monster.kod:231	monster.kod:230	monster.kod:227	monster.kod:214
BarloqueInnkeeper	Pritchett	25	25	0	0	TID_NONE	ATCK_WEAP_HIT	0	1-2	SPEED_AVERAGE	MOB_NOFIGHT | MOB_RANDOM | MOB_LISTEN | MOB_NOMOVE | MOB_RECEIVE | MOB_COND_SELLER | MOB_LAWFUL	AI_NPC | AI_NOMOVE	MOB_ROLE_INNKEEPER	towns/barlqtwn/bqinnk.kod	monster.kod:231	monster.kod:230	monster.kod:227	monster.kod:214
BarloqueMerchant	Herbutte	25	25	0	0	TID_NONE	ATCK_WEAP_HIT	0	1-2	SPEED_AVERAGE	MOB_NOFIGHT | MOB_RANDOM | MOB_LISTEN | MOB_BUYER | MOB_SELLER | MOB_NOMOVE | MOB_LAWFUL	AI_NPC | AI_NOMOVE	MOB_ROLE_MERCHANT	towns/barlqtwn/bqmerch.kod	monster.kod:231	monster.kod:230	monster.kod:227	monster.kod:214
BarloqueBlacksmith	Fehr'loi Qan	25	25	0	0	TID_NONE	ATCK_WEAP_HIT	0	1-2	SPEED_AVERAGE	MOB_NOFIGHT | MOB_SELLER | MOB_RANDOM | MOB_NOMOVE | MOB_LISTEN | MOB_BUYER | MOB_TEACHER | MOB_COND_SELLER | MOB_LAWFUL	AI_NPC | AI_NOMOVE	MOB_ROLE_BLACKSMITH	towns/barlqtwn/bqSmith.kod	monster.kod:231	monster.kod:230	monster.kod:227	monster.kod:214
Barloquetailor	Madelia	25	25	0	0	TID_NONE	ATCK_WEAP_HIT	0	1-2	SPEED_AVERAGE	MOB_NOFIGHT | MOB_RANDOM | MOB_NOMOVE | MOB_LISTEN | MOB_RECEIVE | MOB_SELLER | MOB_LAWFUL	AI_NPC | AI_NOMOVE	MOB_ROLE_TAILOR	towns/barlqtwn/bqtailor.kod	monster.kod:231	monster.kod:230	monster.kod:227	monster.kod:214
BarloqueUrchin	urchin	25	25	0	10	TID_WIMPY	ATCK_WEAP_HIT	0	1-2	10	MOB_SPASM	AI_NPC | AI_NOMOVE	MOB_ROLE_URCHIN	towns/barlqtwn/bqurchin.kod	monster.kod:231	monster.kod:230	towns/barlqtwn/bqurchin.kod:62	towns/barlqtwn/bqurchin.kod:52
barloqueVaultman	Obert Cair'bre	25	25	0	0	TID_NONE	ATCK_WEAP_HIT	0	1-2	0	MOB_NOFIGHT | MOB_SELLER | MOB_RANDOM | MOB_LISTEN | MOB_NOMOVE | MOB_RECEIVE | MOB_VAULTMAN | MOB_NOQUEST	0	MOB_ROLE_VAULTMAN	towns/barlqtwn/bqvaultm.kod	monster.kod:231	monster.kod:230	monster.kod:227	monster.kod:214
GuildCreator	Frular	25	25	0	0	TID_NONE	ATCK_WEAP_HIT	0	1-2	SPEED_AVERAGE	MOB_NOMOVE | MOB_NOFIGHT | MOB_LISTEN | MOB_RECEIVE	AI_NPC | AI_NOMOVE	MOB_ROLE_GUILD_CREATOR	towns/barlqtwn/gcreator.kod	monster.kod:231	monster.kod:230	monster.kod:227	monster.kod:214
PrincessGuard	Keep Guard	25	25	0	0	TID_NONE	ATCK_WEAP_HIT	0	1-2	SPEED_AVERAGE	MOB_NOFIGHT | MOB_NOMOVE | MOB_LISTEN | MOB_RANDOM | MOB_NOQUEST	AI_NPC | AI_NOMOVE	MOB_ROLE_GUARD	towns/barlqtwn/pringrd.kod	monster.kod:231	monster.kod:230	monster.kod:227	monster.kod:214
CornothGrocer	Solomon	25	25	0	0	TID_NONE	ATCK_WEAP_HIT	0	1-2	0	MOB_NOFIGHT | MOB_SELLER | MOB_BUYER | MOB_RANDOM | MOB_LISTEN | MOB_NOMOVE | MOB_RECEIVE	0	MOB_ROLE_GROCER	towns/crnthtwn/cngrocer.kod	monster.kod:231	monster.kod:230	monster.kod:227	monster.kod:214
CorNothInnkeeper	D'Franco	25	25	0	0	TID_NONE	ATCK_WEAP_HIT	0	1-2	SPEED_AVERAGE	MOB_NOFIGHT | MOB_SELLER | MOB_RANDOM | MOB_NOMOVE | MOB_LISTEN | MOB_RECEIVE | MOB_TEACHER | MOB_COND_SELLER	AI_NPC | AI_NOMOVE	MOB_ROLE_INNKEEPER	towns/crnthtwn/cninnk.kod	monster.kod:231	monster.kod:230	monster.kod:227	monster.kod:214
CorNothSergeant	Rook	25	25	0	0	TID_NONE	ATCK_WEAP_HIT	0	1-2	SPEED_AVERAGE	MOB_NOFIGHT | MOB_RANDOM | MOB_LISTEN | MOB_TEACHER | MOB_RECEIVE | MOB_NOMOVE | MOB_SELLER | MOB_COND_SELLER	AI_NPC | AI_NOMOVE	MOB_ROLE_SERGEANT	towns/crnthtwn/cnsarge.kod	monster.kod:231	monster.kod:230	monster.kod:227	monster.kod:214
CorNothTailor	Hester Gilk	25	25	0	0	TID_NONE	ATCK_WEAP_HIT	0	1-2	SPEED_AVERAGE	MOB_NOFIGHT | MOB_SELLER | MOB_RANDOM | MOB_NOMOVE | MOB_LISTEN | MOB_RECEIVE	AI_NPC | AI_NOMOVE	MOB_ROLE_TAILOR	towns/crnthtwn/cntailor.kod	monster.kod:231	monster.kod:230	monster.kod:227	monster.kod:214
CorNothUrchin	urchin	25	25	0	10	TID_WIMPY	ATCK_WEAP_HIT	0	1-2	10	MOB_SPASM	AI_NPC | AI_NOMOVE	MOB_ROLE_URCHIN	towns/crnthtwn/cnurchin.kod	monster.kod:231	monster.kod:230	towns/crnthtwn/cnurchin.kod:62	towns/crnthtwn/cnurchin.kod:52
HazarApothecary	Ravi	25	25	0	0	TID_NONE	ATCK_WEAP_HIT	0	1-2	SPEED_AVERAGE	MOB_NOFIGHT | MOB_SELLER | MOB_NOMOVE | MOB_RANDOM | MOB_LISTEN | MOB_BUYER | MOB_NOQUEST	AI_NPC | AI_NOMOVE	MOB_ROLE_APOTHECARY	towns/hazartwn/hzapoth.kod	monster.kod:231	monster.kod:230	monster.kod:227	monster.kod:214
HazarBartender	Eric d'Jorn	25	25	0	0	TID_NONE	ATCK_WEAP_HIT	0	1-2	SPEED_AVERAGE	MOB_NOFIGHT | MOB_SELLER | MOB_RANDOM | MOB_LISTEN | MOB_NOMOVE | MOB_RECEIVE | MOB_NOQUEST	AI_NPC | AI_NOMOVE	MOB_ROLE_BARTENDER	towns/hazartwn/hzbart.kod	monster.kod:231	monster.kod:230	monster.kod:227	monster.kod:214
HazarElder	Rodric d'Stane	25	25	0	0	TID_NONE	ATCK_WEAP_HIT	0	1-2	SPEED_AVERAGE	MOB_RANDOM | MOB_LISTEN | MOB_RECEIVE | MOB_NOFIGHT | MOB_NOMOVE | MOB_NOQUEST	AI_NPC | AI_NOMOVE	MOB_ROLE_ELDER	towns/hazartwn/hzelder.kod	monster.kod:231	monster.kod:230	monster.kod:227	monster.kod:214
HazarInnKeeper	Marcus	25	25	0	0	TID_NONE	ATCK_WEAP_HIT	0	1-2	SPEED_AVERAGE	MOB_NOFIGHT | MOB_RANDOM | MOB_LISTEN | MOB_RECEIVE | MOB_NOMOVE | MOB_NOQUEST | MOB_SELLER	AI_NPC | AI_NOMOVE	MOB_ROLE_INNKEEPER	towns/hazartwn/hzinnk.kod	monster.kod:231	monster.kod:230	monster.kod:227	monster.kod:214
HazarBlacksmith	Tomas	25	25	0	0	TID_NONE	ATCK_WEAP_HIT	0	1-2	SPEED_AVERAGE	MOB_NOFIGHT | MOB_SELLER | MOB_RANDOM | MOB_NOMOVE | MOB_LISTEN | MOB_BUYER | MOB_NOQUEST	AI_NPC | AI_NOMOVE	MOB_ROLE_BLACKSMITH	towns/hazartwn/hzsmith.kod	monster.kod:231	monster.kod:230	monster.kod:227	monster.kod:214
JasperBanker	Yevitan	25	25	0	0	TID_NONE	ATCK_WEAP_HIT	0	1-2	SPEED_AVERAGE	MOB_NOFIGHT | MOB_BANKER | MOB_NOMOVE | MOB_LISTEN | MOB_RANDOM | MOB_RECEIVE | MOB_TEACHER	AI_NPC | AI_NOMOVE	MOB_ROLE_BANKER	towns/jasprtwn/jsbanker.kod	monster.kod:231	monster.kod:230	monster.kod:227	monster.kod:214
JasperBartender	Pietro	25	25	0	0	TID_NONE	ATCK_WEAP_HIT	0	1-2	SPEED_AVERAGE	MOB_NOFIGHT | MOB_SELLER | MOB_RANDOM | MOB_LISTEN | MOB_NOMOVE | MOB_RECEIVE	AI_NPC | AI_NOMOVE	MOB_ROLE_BARTENDER	towns/jasprtwn/jsbart.kod	monster.kod:231	monster.kod:230	monster.kod:227	monster.kod:214
JasperElder	Afiera D'xor	25	25	0	0	TID_NONE	ATCK_WEAP_HIT	0	1-2	SPEED_AVERAGE	MOB_RANDOM | MOB_LISTEN | MOB_RECEIVE | MOB_NOFIGHT | MOB_NOMOVE | MOB_TEACHER | MOB_PERM_QUESTER	AI_NPC | AI_NOMOVE	MOB_ROLE_ELDER	towns/jasprtwn/jselder.kod	monster.kod:231	monster.kod:230	monster.kod:227	monster.kod:214
JasperInnKeeper	Widow Qesino	25	25	0	0	TID_NONE	ATCK_WEAP_HIT	0	1-2	SPEED_AVERAGE	MOB_NOFIGHT | MOB_RANDOM | MOB_LISTEN | MOB_RECEIVE | MOB_NOMOVE | MOB_SELLER | MOB_TEACHER	AI_NPC | AI_NOMOVE	MOB_ROLE_INNKEEPER	towns/jasprtwn/jsinnk.kod	monster.kod:231	monster.kod:230	monster.kod:227	monster.kod:214
JasperMerchant	Zhieu B'hob	25	25	0	0	TID_NONE	ATCK_WEAP_HIT	0	1-2	SPEED_AVERAGE	MOB_NOFIGHT | MOB_SELLER | MOB_BUYER | MOB_NOMOVE | MOB_RANDOM | MOB_LISTEN | MOB_COND_SELLER	AI_NPC | AI_NOMOVE	MOB_ROLE_MERCHANT	towns/jasprtwn/jsmerch.kod	monster.kod:231	monster.kod:230	monster.kod:227	monster.kod:214
JasperBlacksmith	Quintor	25	25	0	0	TID_NONE	ATCK_WEAP_HIT	0	1-2	SPEED_AVERAGE	MOB_NOFIGHT | MOB_SELLER | MOB_BUYER | MOB_RANDOM | MOB_NOMOVE | MOB_LISTEN | MOB_TEACHER | MOB_PERM_QUESTER	AI_NPC | AI_NOMOVE	MOB_ROLE_BLACKSMITH	towns/jasprtwn/jssmith.kod	monster.kod:231	monster.kod:230	monster.kod:227	monster.kod:214
JasperUrchin	urchin	25	25	0	10	TID_WIMPY	ATCK_WEAP_HIT	0	1-2	10	MOB_SPASM	AI_NPC | AI_NOMOVE	MOB_ROLE_URCHIN	towns/jasprtwn/jsurchin.kod	monster.kod:231	monster.kod:230	towns/jasprtwn/jsurchin.kod:62	towns/jasprtwn/jsurchin.kod:52
KocatanApothecary	Zala ix'Mecya	25	25	0	0	TID_NONE	ATCK_WEAP_HIT	0	1-2	SPEED_AVERAGE	MOB_NOFIGHT | MOB_SELLER | MOB_RANDOM | MOB_LISTEN | MOB_NOMOVE | MOB_RECEIVE | MOB_BUYER | MOB_COND_SELLER	AI_NPC | AI_NOMOVE	MOB_ROLE_APOTHECARY	towns/kocatwn/kcapoth.kod	monster.kod:231	monster.kod:230	monster.kod:227	monster.kod:214
KocatanBanker	Huital ko'Nosak	25	25	0	0	TID_NONE	ATCK_WEAP_HIT	0	1-2	SPEED_AVERAGE	MOB_NOFIGHT | MOB_SELLER | MOB_RANDOM | MOB_LISTEN | MOB_NOMOVE | MOB_RECEIVE | MOB_BANKER	AI_NPC | AI_NOMOVE	MOB_ROLE_BANKER	towns/kocatwn/kcbanker.kod	monster.kod:231	monster.kod:230	monster.kod:227	monster.kod:214
KocatanBartender	Oxal ix'Tokak	25	25	0	0	TID_NONE	ATCK_WEAP_HIT	0	1-2	SPEED_AVERAGE	MOB_NOFIGHT | MOB_SELLER | MOB_RANDOM | MOB_LISTEN | MOB_NOMOVE | MOB_RECEIVE | MOB_BUYER	AI_NPC | AI_NOMOVE	MOB_ROLE_BARTENDER	towns/kocatwn/kcbart.kod	monster.kod:231	monster.kod:230	monster.kod:227	monster.kod:214
KocatanBonePriestess	The Bone Priestess	25	25	0	0	TID_NONE	ATCK_WEAP_HIT	0	1-2	SPEED_AVERAGE	MOB_NOFIGHT | MOB_SELLER | MOB_RANDOM | MOB_LISTEN | MOB_NOMOVE | MOB_RECEIVE | MOB_TEACHER	AI_NPC | AI_NOMOVE	MOB_ROLE_PRIESTESS	towns/kocatwn/kcbonepr.kod	monster.kod:231	monster.kod:230	monster.kod:227	monster.kod:214
KocatanBowMaker	Hanla zax'Ta	25	25	0	0	TID_NONE	ATCK_WEAP_HIT	0	1-2	SPEED_AVERAGE	MOB_NOFIGHT | MOB_SELLER | MOB_RANDOM | MOB_LISTEN | MOB_NOMOVE | MOB_RECEIVE | MOB_COND_SELLER	AI_NPC | AI_NOMOVE	MOB_ROLE_BLACKSMITH	towns/kocatwn/kcbowmak.kod	monster.kod:231	monster.kod:230	monster.kod:227	monster.kod:214
KocatanCaptainEvil	Xacal ko'Ixca	25	25	0	0	TID_NONE	ATCK_WEAP_HIT	0	1-2	SPEED_AVERAGE	MOB_NOFIGHT | MOB_RANDOM | MOB_LISTEN | MOB_RECEIVE | MOB_NOMOVE | MOB_FULL_TALK	AI_NPC | AI_NOMOVE	MOB_ROLE_SERGEANT	towns/kocatwn/kcguardE.kod	monster.kod:231	monster.kod:230	monster.kod:227	monster.kod:214
KocatanCaptainGood	Cital ko'Manca	25	25	0	0	TID_NONE	ATCK_WEAP_HIT	0	1-2	SPEED_AVERAGE	MOB_NOFIGHT | MOB_RANDOM | MOB_LISTEN | MOB_RECEIVE | MOB_NOMOVE | MOB_FULL_TALK	AI_NPC | AI_NOMOVE	MOB_ROLE_SERGEANT	towns/kocatwn/kcguardG.kod	monster.kod:231	monster.kod:230	monster.kod:227	monster.kod:214
KocatanInnkeeper	Moxal ix'Hanak	25	25	0	0	TID_NONE	ATCK_WEAP_HIT	0	1-2	SPEED_AVERAGE	MOB_NOFIGHT | MOB_SELLER | MOB_RANDOM | MOB_LISTEN | MOB_NOMOVE | MOB_RECEIVE | MOB_COND_SELLER	AI_NPC | AI_NOMOVE	MOB_ROLE_INNKEEPER	towns/kocatwn/kcinnk.kod	monster.kod:231	monster.kod:230	monster.kod:227	monster.kod:214
KocatanLanguageMaster	Quetzal	25	25	0	0	TID_NONE	ATCK_WEAP_HIT	0	1-2	SPEED_AVERAGE	MOB_NOFIGHT | MOB_SELLER | MOB_RANDOM | MOB_LISTEN | MOB_NOMOVE | MOB_RECEIVE	AI_NPC | AI_NOMOVE	MOB_ROLE_SCHOLAR	towns/kocatwn/kclangua.kod	monster.kod:231	monster.kod:230	monster.kod:227	monster.kod:214
KocatanMadScientist	Bahal zax'Ot	25	25	0	0	TID_NONE	ATCK_WEAP_HIT	0	1-2	SPEED_AVERAGE	MOB_NOFIGHT | MOB_RANDOM | MOB_LISTEN | MOB_NOMOVE | MOB_RECEIVE	AI_NPC | AI_NOMOVE	MOB_ROLE_WIZARD	towns/kocatwn/kcmadsci.kod	monster.kod:231	monster.kod:230	monster.kod:227	monster.kod:214
kocatanTradeMaster	Wulfgang zax'Ak	25	25	0	0	TID_NONE	ATCK_WEAP_HIT	0	1-2	SPEED_AVERAGE	MOB_NOFIGHT | MOB_SELLER | MOB_RANDOM | MOB_LISTEN | MOB_NOMOVE | MOB_RECEIVE | MOB_BUYER | MOB_COND_SELLER	AI_NPC | AI_NOMOVE	MOB_ROLE_MERCHANT	towns/kocatwn/kcmerch.kod	monster.kod:231	monster.kod:230	monster.kod:227	monster.kod:214
Kocatansentry	sentry	25	25	0	0	TID_NONE	ATCK_WEAP_HIT	0	1-2	SPEED_AVERAGE	MOB_NOFIGHT | MOB_RANDOM | MOB_LISTEN | MOB_NOMOVE | MOB_RECEIVE | MOB_NOQUEST	AI_NPC | AI_NOMOVE	MOB_ROLE_GUARD	towns/kocatwn/kcsentry.kod	monster.kod:231	monster.kod:230	monster.kod:227	monster.kod:214
KocatanShopkeeper	Pacal ix'Anoak	25	25	0	0	TID_NONE	ATCK_WEAP_HIT	0	1-2	SPEED_AVERAGE	MOB_NOFIGHT | MOB_SELLER | MOB_RANDOM | MOB_LISTEN | MOB_NOMOVE | MOB_BUYER | MOB_FULL_TALK	AI_NPC | AI_NOMOVE	MOB_ROLE_MERCHANT	towns/kocatwn/kcshopk.kod	monster.kod:231	monster.kod:230	monster.kod:227	monster.kod:214
KocatanBlacksmith	Ixla cha'Totlak	25	25	0	0	TID_NONE	ATCK_WEAP_HIT	0	1-2	SPEED_AVERAGE	MOB_NOFIGHT | MOB_SELLER | MOB_RANDOM | MOB_NOMOVE | MOB_LISTEN | MOB_BUYER | MOB_TEACHER | MOB_COND_SELLER | MOB_LAWFUL	AI_NPC | AI_NOMOVE	MOB_ROLE_BLACKSMITH	towns/kocatwn/kcsmith.kod	monster.kod:231	monster.kod:230	monster.kod:227	monster.kod:214
KocatanTailor	Tepal ix'Zonak	25	25	0	0	TID_NONE	ATCK_WEAP_HIT	0	1-2	SPEED_AVERAGE	MOB_NOFIGHT | MOB_SELLER | MOB_RANDOM | MOB_LISTEN | MOB_NOMOVE | MOB_RECEIVE | MOB_COND_SELLER | MOB_BUYER	AI_NPC | AI_NOMOVE	MOB_ROLE_TAILOR	towns/kocatwn/kctailor.kod	monster.kod:231	monster.kod:230	monster.kod:227	monster.kod:214
KocatanVaultman	Itzal cha'Nosak	25	25	0	0	TID_NONE	ATCK_WEAP_HIT	0	1-2	SPEED_AVERAGE	MOB_NOFIGHT | MOB_SELLER | MOB_RANDOM | MOB_LISTEN | MOB_NOMOVE | MOB_RECEIVE | MOB_VAULTMAN	AI_NPC | AI_NOMOVE	MOB_ROLE_VAULTMAN	towns/kocatwn/kcvaultm.kod	monster.kod:231	monster.kod:230	monster.kod:227	monster.kod:214
KocatanWeaponsMaster	Kochtal ko'Tulca	25	25	0	0	TID_NONE	ATCK_WEAP_HIT	0	1-2	SPEED_AVERAGE	MOB_NOFIGHT | MOB_SELLER | MOB_RANDOM | MOB_LISTEN | MOB_NOMOVE | MOB_RECEIVE | MOB_TEACHER | MOB_COND_SELLER	AI_NPC | AI_NOMOVE	MOB_ROLE_SCHOLAR	towns/kocatwn/kcweapon.kod	monster.kod:231	monster.kod:230	monster.kod:227	monster.kod:214
MarionBartender	Tova	25	25	0	0	TID_NONE	ATCK_WEAP_HIT	0	1-2	SPEED_AVERAGE	MOB_NOFIGHT | MOB_RECEIVE | MOB_RANDOM | MOB_LISTEN | MOB_NOMOVE | MOB_SELLER | MOB_COND_SELLER | MOB_FULL_TALK	AI_NPC | AI_NOMOVE	MOB_ROLE_BARTENDER	towns/marntwn/mrbart.kod	monster.kod:231	monster.kod:230	monster.kod:227	monster.kod:214
MarionElder	Ran er'Hoth	25	25	0	0	TID_NONE	ATCK_WEAP_HIT	0	1-2	SPEED_AVERAGE	MOB_RANDOM | MOB_LISTEN | MOB_NOFIGHT | MOB_NOMOVE | MOB_TEACHER | MOB_RECEIVE | MOB_COND_SELLER	AI_NPC | AI_NOMOVE	MOB_ROLE_ELDER	towns/marntwn/MrElder.kod	monster.kod:231	monster.kod:230	monster.kod:227	monster.kod:214
MarionHealer	Lady Aftyn	25	25	0	0	TID_NONE	ATCK_WEAP_HIT	0	1-2	SPEED_AVERAGE	MOB_NOFIGHT | MOB_NOMOVE | MOB_LISTEN | MOB_SELLER | MOB_RECEIVE | MOB_TEACHER	AI_NPC | AI_NOMOVE	MOB_ROLE_HEALER	towns/marntwn/mrhealer.kod	monster.kod:231	monster.kod:230	monster.kod:227	monster.kod:214
MarionInnkeeper	Morrigan	25	25	0	0	TID_NONE	ATCK_WEAP_HIT	0	1-2	SPEED_AVERAGE	MOB_NOFIGHT | MOB_NOMOVE | MOB_LISTEN | MOB_BUYER | MOB_SELLER | MOB_LISTEN_MOB | MOB_FULL_TALK	AI_NPC | AI_NOMOVE	MOB_ROLE_INNKEEPER	towns/marntwn/mrinnk.kod	monster.kod:231	monster.kod:230	monster.kod:227	monster.kod:214
MarionBlacksmith	Colhorr	25	25	0	0	TID_NONE	ATCK_WEAP_HIT	0	1-2	SPEED_AVERAGE	MOB_NOMOVE | MOB_NOFIGHT | MOB_TEACHER | MOB_RANDOM | MOB_LISTEN | MOB_BUYER | MOB_SELLER	AI_NPC | AI_NOMOVE	MOB_ROLE_BLACKSMITH	towns/marntwn/MrSmith.kod	monster.kod:231	monster.kod:230	monster.kod:227	monster.kod:214
MarionUrchin	urchin	25	25	0	10	TID_WIMPY	ATCK_WEAP_HIT	0	1-2	10	MOB_SPASM	AI_NPC | AI_NOMOVE	MOB_ROLE_URCHIN	towns/marntwn/mrurchin.kod	monster.kod:231	monster.kod:230	towns/marntwn/mrurchin.kod:62	towns/marntwn/mrurchin.kod:52
BasicInnKeeper	Rycksher	25	25	0	0	TID_NONE	ATCK_WEAP_HIT	0	1-2	SPEED_AVERAGE	MOB_NOFIGHT | MOB_RANDOM | MOB_LISTEN | MOB_NOMOVE | MOB_SELLER | MOB_NOQUEST | MOB_RECEIVE	AI_NPC | AI_NOMOVE	MOB_ROLE_INNKEEPER	towns/tostwn/basicinn.kod	monster.kod:231	monster.kod:230	monster.kod:227	monster.kod:214
DukeGuard	Keep Guard	25	25	0	0	TID_NONE	ATCK_WEAP_HIT	0	1-2	SPEED_AVERAGE	MOB_NOFIGHT | MOB_NOMOVE | MOB_LISTEN | MOB_RANDOM | MOB_NOQUEST	AI_NPC | AI_NOMOVE	MOB_ROLE_GUARD	towns/tostwn/dkgrd.kod	monster.kod:231	monster.kod:230	monster.kod:227	monster.kod:214
TosApothecary	Frisconar	25	25	0	0	TID_NONE	ATCK_WEAP_HIT	0	1-2	SPEED_AVERAGE	MOB_NOFIGHT | MOB_TEACHER | MOB_NOMOVE | MOB_RANDOM | MOB_LISTEN | MOB_BUYER | MOB_SELLER | MOB_LAWFUL | MOB_COND_SELLER	AI_NPC | AI_NOMOVE	MOB_ROLE_APOTHECARY	towns/tostwn/TsApoth.kod	monster.kod:231	monster.kod:230	monster.kod:227	monster.kod:214
TosBanker	Skivlat	25	25	0	0	TID_NONE	ATCK_WEAP_HIT	0	1-2	SPEED_AVERAGE	MOB_NOFIGHT | MOB_BANKER | MOB_NOMOVE | MOB_LISTEN | MOB_RANDOM | MOB_RECEIVE | MOB_SELLER | MOB_LAWFUL | MOB_NOQUEST	AI_NPC | AI_NOMOVE	MOB_ROLE_BANKER	towns/tostwn/TsBanker.kod	monster.kod:231	monster.kod:230	monster.kod:227	monster.kod:214
TosInnKeeper	Paddock	25	25	0	0	TID_NONE	ATCK_WEAP_HIT	0	1-2	SPEED_AVERAGE	MOB_NOFIGHT | MOB_RECEIVE | MOB_RANDOM | MOB_LISTEN | MOB_NOMOVE | MOB_SELLER | MOB_COND_SELLER | MOB_LAWFUL	AI_NPC | AI_NOMOVE	MOB_ROLE_INNKEEPER	towns/tostwn/TsInnK.kod	monster.kod:231	monster.kod:230	monster.kod:227	monster.kod:214
TosBlacksmith	Fehr'loi Qan	25	25	0	0	TID_NONE	ATCK_WEAP_HIT	0	1-2	SPEED_AVERAGE	MOB_NOFIGHT | MOB_SELLER | MOB_RANDOM | MOB_NOMOVE | MOB_LISTEN | MOB_BUYER | MOB_TEACHER | MOB_COND_SELLER | MOB_LAWFUL	AI_NPC | AI_NOMOVE	MOB_ROLE_BLACKSMITH	towns/tostwn/TsSmith.kod	monster.kod:231	monster.kod:230	monster.kod:227	monster.kod:214
TosUrchin	urchin	25	25	0	10	TID_WIMPY	ATCK_WEAP_HIT	0	1-2	10	MOB_SPASM	AI_NPC | AI_NOMOVE	MOB_ROLE_URCHIN	towns/tostwn/TsUrchin.kod	monster.kod:231	monster.kod:230	towns/tostwn/TsUrchin.kod:62	towns/tostwn/TsUrchin.kod:52
TosWatcher	Watcher	25	25	0	0	TID_NONE	ATCK_WEAP_HIT	0	1-2	SPEED_AVERAGE	MOB_NOMOVE | MOB_FULL_TALK | MOB_LISTEN | MOB_NOFIGHT | MOB_NOQUEST	AI_NPC | AI_NOMOVE	MOB_ROLE_WATCHER	towns/tostwn/tswatch.kod	monster.kod:231	monster.kod:230	monster.kod:227	monster.kod:214
DarkWizard	Maleval	25	25	0	0	TID_NONE	ATCK_WEAP_HIT	0	1-2	SPEED_AVERAGE	MOB_NOFIGHT | MOB_RANDOM | MOB_LISTEN | MOB_NOMOVE | MOB_RECEIVE | MOB_TEACHER	AI_NPC | AI_NOMOVE	MOB_ROLE_WIZARD	towns/wanderer/dkwizard.kod	monster.kod:231	monster.kod:230	monster.kod:227	monster.kod:214
Heretic	Miriana	25	25	0	0	TID_NONE	ATCK_WEAP_HIT	0	1-2	SPEED_AVERAGE	MOB_NOFIGHT | MOB_RANDOM | MOB_LISTEN | MOB_NOMOVE | MOB_RECEIVE | MOB_TEACHER	AI_NPC | AI_NOMOVE	MOB_ROLE_PRIESTESS	towns/wanderer/heretic.kod	monster.kod:231	monster.kod:230	monster.kod:227	monster.kod:214
HunterGhost	Tendrath	25	25	0	0	TID_NONE	ATCK_WEAP_HIT	0	1-2	SPEED_AVERAGE	MOB_NOFIGHT | MOB_RANDOM | MOB_LISTEN | MOB_NOMOVE | MOB_RECEIVE | MOB_TEACHER | MOB_SELLER	AI_NPC | AI_NOMOVE	MOB_ROLE_WIZARD	towns/wanderer/huntghst.kod	monster.kod:231	monster.kod:230	monster.kod:227	monster.kod:214
Izzio	Izzio_name_rsc	25	25	0	0	TID_NONE	ATCK_WEAP_HIT	0	1-2	SPEED_AVERAGE	MOB_NOFIGHT | MOB_RANDOM | MOB_LISTEN | MOB_NOMOVE | MOB_BUYER | MOB_SELLER	AI_NPC | AI_NOMOVE	MOB_ROLE_MERCHANT	towns/wanderer/izzio.kod	monster.kod:231	monster.kod:230	monster.kod:227	monster.kod:214
JealousGeneral	Jonas D'Accor	25	25	0	0	TID_NONE	ATCK_WEAP_HIT	0	1-2	SPEED_AVERAGE	MOB_NOFIGHT | MOB_RANDOM | MOB_LISTEN | MOB_NOMOVE | MOB_RECEIVE | MOB_TEACHER	AI_NPC | AI_NOMOVE	MOB_ROLE_SERGEANT	towns/wanderer/jGeneral.kod	monster.kod:231	monster.kod:230	monster.kod:227	monster.kod:214
Minstrel	Parrin Aragone	25	25	0	0	TID_NONE	ATCK_WEAP_HIT	0	1-2	SPEED_AVERAGE	MOB_NOFIGHT | MOB_RANDOM | MOB_LISTEN | MOB_NOMOVE | MOB_RECEIVE | MOB_TEACHER | MOB_SELLER	AI_NPC | AI_NOMOVE	MOB_ROLE_BARD	towns/wanderer/minstrel.kod	monster.kod:231	monster.kod:230	monster.kod:227	monster.kod:214
Centipede	centipede	30	30	5	15	TID_WIMPY_MEDIUM	ATCK_WEAP_BITE	0	2-3	SPEED_FAST	0	0	0	centip.kod	centip.kod:48	centip.kod:49	centip.kod:50	centip.kod:43
GiantRat	giant rat	30	30	1	-20	TID_RAT	ATCK_WEAP_CLAW	0	2-3	SPEED_FAST	0	AI_FIGHT_AGGRESSIVE | AI_FIGHT_SWITCHALOT	0	giarat.kod	giarat.kod:48	giarat.kod:49	giarat.kod:50	giarat.kod:43
Slime	slime	35	35	4	0	TID_WIMPY_MEDIUM	ATCK_WEAP_HIT	ATCK_SPELL_ACID	2-3	SPEED_SLOW	0	AI_FIGHT_AGGRESSIVE | AI_FIGHT_SINGLEMINDED	0	slime.kod	slime.kod:48	slime.kod:49	slime.kod:50	slime.kod:44
GroundWormLarva	groundworm larva	35	35	3	-10	TID_WORM_LARVA	ATCK_WEAP_HIT	ATCK_SPELL_ACID	2-3	SPEED_SLOW	0	AI_FIGHT_KARMA_AGGRESSIVE	0	grdworm/larva.kod	grdworm/larva.kod:55	grdworm/larva.kod:56	grdworm/larva.kod:57	grdworm/larva.kod:52
Ant	ant	40	48	4	-10	TID_WIMPY_MEDIUM	ATCK_WEAP_BITE	0	2-4	SPEED_SLOW	MOB_SPASM	AI_FIGHT_AGGRESSIVE | AI_FIGHT_WIZARD_KILLER	0	ant.kod	ant.kod:49	ant.kod:50	ant.kod:51	ant.kod:56
SpectralMummy	spectral mummy	40	48	5	-35	TID_MUMMY	ATCK_WEAP_HIT	0	2-4	SPEED_SLOW	0	AI_FIGHT_AGGRESSIVE | AI_MOVE_FLEE_FRIGHTENERS	0	specmum.kod	specmum.kod:50	specmum.kod:51	specmum.kod:52	specmum.kod:48
Orc	orc	45	54	6	-40	TID_ORC	ATCK_WEAP_SLASH	0	3-4	SPEED_AVERAGE	0	AI_FIGHT_AGGRESSIVE | AI_MOVE_FLEE_FRIGHTENERS | AI_FIGHT_SWITCHALOT	0	orc.kod	orc.kod:51	orc.kod:52	orc.kod:53	orc.kod:46
Reflection	reflection	45	54	4	0	TID_NONE	ATCK_WEAP_SLASH	0	3-4	SPEED_AVERAGE	0	AI_FIGHT_MONSTERS | AI_FIGHT_NEWBIESAFE | AI_FIGHT_AGGRESSIVE	0	reflectn.kod	reflectn.kod:56	reflectn.kod:57	reflectn.kod:58	reflectn.kod:51
DuskRat	dusk rat	50	60	6	-40	TID_RAT	ATCK_WEAP_CLAW	0	3-5	SPEED_VERY_FAST	0	AI_FIGHT_AGGRESSIVE | AI_FIGHT_SWITCHALOT | AI_MOVE_REGROUP	0	duskrat.kod	duskrat.kod:60	duskrat.kod:61	duskrat.kod:62	duskrat.kod:55
Ent	living tree	50	60	4	40	TID_ENT	ATCK_WEAP_WHIP	0	3-5	SPEED_NONE	MOB_NOMOVE	AI_NOMOVE | AI_FIGHT_KARMA_AGGRESSIVE	0	ent.kod	ent.kod:56	ent.kod:57	ent.kod:58	ent.kod:51
EvilEnt	diseased tree	50	60	4	-40	TID_ENT	ATCK_WEAP_WHIP	0	3-5	SPEED_NONE	MOB_NOMOVE	AI_NOMOVE | AI_FIGHT_KARMA_AGGRESSIVE	0	evilent.kod	evilent.kod:54	evilent.kod:55	evilent.kod:56	evilent.kod:49
FungusBeast	fungus beast	50	60	1	10	TID_MEDIUM	ATCK_WEAP_HIT	0	3-5	SPEED_VERY_SLOW	MOB_SPASM	AI_FIGHT_AGGRESSIVE | AI_FIGHT_WIZARD_KILLER	0	fungbst.kod	fungbst.kod:57	fungbst.kod:58	fungbst.kod:59	fungbst.kod:54
Spider	spider	50	60	4	-30	TID_MEDIUM_TOUGH	ATCK_WEAP_BITE	0	3-5	SPEED_AVERAGE	MOB_SPASM	AI_MOVE_REGROUP | AI_FIGHT_AGGRESSIVE	0	spider.kod	spider.kod:48	spider.kod:49	spider.kod:50	spider.kod:44
DukeTroop	soldier of the Duke's army	50	60	2	0	TID_NONE	ATCK_WEAP_SLASH	0	3-5	SPEED_AVERAGE	0	AI_FIGHT_NEWBIESAFE | AI_MOVE_REGROUP	0	troop/duketr.kod	troop/duketr.kod:52	troop/duketr.kod:53	troop.kod:189	troop.kod:159
PrincessTroop	soldier of the Princess' army	50	60	2	0	TID_NONE	ATCK_WEAP_SLASH	0	3-5	SPEED_AVERAGE	0	AI_FIGHT_NEWBIESAFE | AI_MOVE_REGROUP	0	troop/printr.kod	troop/printr.kod:52	troop/printr.kod:53	troop.kod:189	troop.kod:159
RebelTroop	rebel soldier	50	60	2	0	TID_NONE	ATCK_WEAP_SLASH	0	3-5	SPEED_AVERAGE	0	AI_FIGHT_NEWBIESAFE | AI_MOVE_REGROUP	0	troop/rebeltr.kod	troop/rebeltr.kod:53	troop/rebeltr.kod:54	troop.kod:189	troop.kod:159
Revenant	revenant	55	66	5	20	TID_NONE	ATCK_WEAP_SLASH	0	3-5	SPEED_FAST	0	AI_FIGHT_AGGRESSIVE | AI_FIGHT_SINGLEMINDED | AI_MOVE_WALKTHROUGH_WALLS | AI_FIGHT_THROUGH_WALLS	0	revenant.kod	revenant.kod:59	revenant.kod:60	revenant.kod:61	monster.kod:214
Scorpion	giant scorpion	55	66	8	20	TID_MEDIUM_TOUGH	ATCK_WEAP_STING	0	3-5	SPEED_FAST	0	0	0	scorpion.kod	scorpion.kod:48	scorpion.kod:49	scorpion.kod:50	scorpion.kod:44
Zombie	zombie	55	66	4	-45	TID_ZOMBIE	ATCK_WEAP_SLASH	0	3-5	SPEED_VERY_SLOW	0	AI_FIGHT_KARMA_AGGRESSIVE | AI_MOVE_FLEE_FRIGHTENERS	0	zombie.kod	zombie.kod:64	zombie.kod:50	zombie.kod:51	zombie.kod:63
EvilFairy	teotimixlal	60	72	5	-50	TID_FAIRY	0	ATCK_SPELL_SHOCK	4-6	SPEED_VERY_FAST	0	AI_MOVE_REGROUP | AI_FIGHT_MONSTERS | AI_FIGHT_KARMA_AGGRESSIVE	0	evfairy.kod	evfairy.kod:55	evfairy.kod:56	evfairy.kod:68	evfairy.kod:49
Fairy	fey elhai	60	72	5	50	TID_FAIRY	0	ATCK_SPELL_SHOCK	4-6	SPEED_VERY_FAST	0	AI_MOVE_REGROUP | AI_FIGHT_MONSTERS | AI_FIGHT_KARMA_AGGRESSIVE	0	fairy.kod	fairy.kod:55	fairy.kod:56	fairy.kod:66	fairy.kod:47
flytrap	Man-eating Plant	60	72	5	-25	TID_LOW_HUMAN	0	0	4-6	SPEED_VERY_SLOW	0	0	0	flytrap.kod	flytrap.kod:44	flytrap.kod:45	flytrap.kod:46	flytrap.kod:38
SnowRat	snow rat	60	72	4	-50	TID_RAT	ATCK_WEAP_CLAW	0	4-6	SPEED_FAST	0	AI_FIGHT_AGGRESSIVE	0	snowrat.kod	snowrat.kod:48	snowrat.kod:49	snowrat.kod:50	snowrat.kod:43
BatteredSkeleton	battered skeleton	60	72	4	-70	TID_SKELETON2	ATCK_WEAP_THRUST	0	4-6	SPEED_AVERAGE	0	AI_FIGHT_AGGRESSIVE | AI_FIGHT_SWITCHALOT | AI_MOVE_FLEE_FRIGHTENERS	0	skel/batrskel.kod	skel/batrskel.kod:52	skel/batrskel.kod:53	skel/batrskel.kod:54	skel/batrskel.kod:48
NecromancerTroop	necromancer	60	72	4	-40	TID_NONE	ATCK_WEAP_SLASH	0	4-6	SPEED_AVERAGE	0	AI_FIGHT_NEWBIESAFE | AI_MOVE_REGROUP	0	troop/necrotr.kod	troop/necrotr.kod:60	troop/necrotr.kod:61	troop/necrotr.kod:83	troop.kod:159
RedAnt	mutant ant	65	78	8	-40	TID_TOUGH	ATCK_WEAP_BITE	0	4-6	SPEED_AVERAGE	MOB_SPASM	AI_FIGHT_AGGRESSIVE | AI_FIGHT_WIZARD_KILLER	0	redant.kod	redant.kod:48	redant.kod:49	redant.kod:50	redant.kod:44
Frogman	frogman	70	84	5	80	TID_FROGMAN	ATCK_WEAP_PIERCE	0	4-7	SPEED_AVERAGE	0	AI_FIGHT_KARMA_AGGRESSIVE	0	frogman.kod	frogman.kod:50	frogman.kod:51	frogman.kod:52	frogman.kod:45
DeathSpider	black spider	75	90	5	-30	TID_BLACK_SPIDER	ATCK_WEAP_BITE	0	5-7	SPEED_AVERAGE	MOB_SPASM	AI_MOVE_REGROUP | AI_FIGHT_AGGRESSIVE	0	dethspid.kod	dethspid.kod:54	dethspid.kod:55	dethspid.kod:56	dethspid.kod:50
LivingStatue	statue	75	90	5	-40	TID_MEDIUM_TOUGH	ATCK_WEAP_SLASH	0	5-7	SPEED_NONE	0	0	0	lvstatue.kod	lvstatue.kod:169	lvstatue.kod:170	lvstatue.kod:151	lvstatue.kod:142
Skeleton	skeleton	75	90	5	-50	TID_TOUGH	ATCK_WEAP_THRUST	0	5-7	SPEED_AVERAGE	0	AI_FIGHT_AGGRESSIVE | AI_FIGHT_SWITCHALOT | AI_MOVE_FLEE_FRIGHTENERS	0	skel.kod	skel.kod:48	skel.kod:49	skel.kod:50	skel.kod:44
CaveOrc	cave orc	80	96	7	-55	TID_CAVE_ORC	ATCK_WEAP_SLASH	0	5-8	SPEED_FAST	0	AI_FIGHT_AGGRESSIVE | AI_MOVE_FLEE_FRIGHTENERS | AI_FIGHT_HYPERAGGRESSIVE | AI_FIGHT_SWITCHALOT	0	orccave.kod	orccave.kod:49	orccave.kod:50	orccave.kod:51	orccave.kod:44
OrcWizard	orc wizard	80	96	7	-60	TID_ORC_WIZARD	ATCK_WEAP_BLUDGEON	0	5-8	SPEED_AVERAGE	0	AI_FIGHT_AGGRESSIVE | AI_FIGHT_HYPERAGGRESSIVE | AI_MOVE_FLEE_FRIGHTENERS	0	orcwiza.kod	orcwiza.kod:70	orcwiza.kod:71	orcwiza.kod:72	orcwiza.kod:65
FactionTroop	faction troop	80	96	4	0	TID_NONE	ATCK_WEAP_SLASH	0	5-8	SPEED_AVERAGE	0	AI_FIGHT_NEWBIESAFE | AI_MOVE_REGROUP	0	troop.kod	troop.kod:186	troop.kod:187	troop.kod:189	troop.kod:159
Iceperson	ice creature	90	108	8	75	TID_ICE_PERSON	ATCK_WEAP_PIERCE	ATCK_SPELL_COLD	6-9	SPEED_SLOW	0	AI_FIGHT_KARMA_AGGRESSIVE | AI_FIGHT_WIZARD_KILLER | AI_MOVE_FLEE_FRIGHTENERS | AI_MOVE_REGROUP	0	iceper.kod	iceper.kod:119	iceper.kod:120	iceper.kod:121	iceper.kod:112
Troll	troll	90	108	8	-75	TID_HIGH_HUMAN	ATCK_WEAP_HIT	0	6-9	SPEED_AVERAGE	0	AI_FIGHT_AGGRESSIVE	0	troll.kod	troll.kod:46	troll.kod:47	troll.kod:48	troll.kod:43
AvarShaman	peet-seeeep avar shaman	100	120	8	80	TID_AVAR_SHAMAN	ATCK_WEAP_PIERCE	ATCK_SPELL_QUAKE	6-10	SPEED_SLOW	0	AI_FIGHT_AGGRESSIVE | AI_MOVE_OPTIMAL_RANGE | AI_FIGHT_MONSTERS	0	avshaman.kod	avshaman.kod:84	avshaman.kod:85	avshaman.kod:86	avshaman.kod:79
GroundWorm	groundworm	100	120	5	30	TID_TOUGH	ATCK_WEAP_HIT	ATCK_SPELL_ACID	6-10	SPEED_FAST	0	AI_FIGHT_AGGRESSIVE	0	grdworm.kod	grdworm.kod:64	grdworm.kod:65	grdworm.kod:66	grdworm.kod:60
Guard	guard cow	100	120	5	100	TID_NONE	ATCK_WEAP_BITE	0	6-10	SPEED_FAST	0	AI_FIGHT_MURDERERS	0	guard.kod	guard.kod:45	guard.kod:46	guard.kod:47	monster.kod:214
TuskedSkeleton	tusked skeleton	100	120	6	-70	TID_SKELETON3	ATCK_WEAP_SLASH	0	6-10	SPEED_FAST	0	AI_FIGHT_AGGRESSIVE | AI_FIGHT_SWITCHALOT | AI_MOVE_FLEE_FRIGHTENERS	0	skel/tuskskel.kod	skel/tuskskel.kod:48	skel/tuskskel.kod:49	skel/tuskskel.kod:50	skel/tuskskel.kod:44
Lupogg	lupogg	105	126	9	75	TID_VERY_TOUGH	ATCK_WEAP_BITE	0	7-10	2	0	AI_FIGHT_AGGRESSIVE | AI_FIGHT_WIZARD_KILLER	0	lupogg.kod	lupogg.kod:49	lupogg.kod:50	lupogg.kod:51	lupogg.kod:45
OrcPitBoss	orc pit boss	115	138	7	-90	TID_ORC_CHIEF	ATCK_WEAP_SLASH	0	7-11	SPEED_FAST	0	AI_FIGHT_AGGRESSIVE | AI_FIGHT_HYPERAGGRESSIVE | AI_FIGHT_SWITCHALOT	0	orcboss.kod	orcboss.kod:60	orcboss.kod:61	orcboss.kod:62	orcboss.kod:55
Avar	peet-seeeep avar warrior	120	144	7	40	TID_AVAR	ATCK_WEAP_BLUDGEON	0	8-12	SPEED_AVERAGE	0	AI_MOVE_REGROUP | AI_FIGHT_AGGRESSIVE | AI_FIGHT_MONSTERS	0	avar.kod	avar.kod:69	avar.kod:70	avar.kod:71	avar.kod:65
DragonFly	dragonfly	120	144	6	40	TID_DRAGONFLY	ATCK_WEAP_PIERCE	0	8-12	SPEED_AVERAGE	0	AI_FIGHT_AGGRESSIVE	0	dfly.kod	dfly.kod:69	dfly.kod:70	dfly.kod:71	dfly.kod:65
DragonFlyPet	pet dragonfly	120	144	6	40	TID_NONE	ATCK_WEAP_PIERCE	0	8-12	SPEED_AVERAGE	0	AI_FIGHT_AGGRESSIVE | AI_FIGHT_NEWBIESAFE	0	dflypet.kod	dflypet.kod:70	dflypet.kod:71	dflypet.kod:72	dflypet.kod:66
NarthylWorm	narthyl worm	120	144	7	0	TID_NARTHYL_WORM	ATCK_WEAP_PIERCE	0	8-12	SPEED_SLOW	0	AI_FIGHT_AGGRESSIVE | AI_FIGHT_HYPERAGGRESSIVE	0	nrthlwrm.kod	nrthlwrm.kod:54	nrthlwrm.kod:55	nrthlwrm.kod:56	nrthlwrm.kod:50
StoneTroll	StoneTroll_realname_rsc	120	144	8	-100	TID_MEDIUM_HUMAN	ATCK_WEAP_HIT	0	8-12	SPEED_FAST	0	AI_FIGHT_AGGRESSIVE	0	stntroll.kod	stntroll.kod:51	stntroll.kod:52	stntroll.kod:53	stntroll.kod:48
GroundWormQueen	groundworm queen	130	156	7	-30	TID_WORM_QUEEN	ATCK_WEAP_HIT	ATCK_SPELL_ACID	8-13	SPEED_SLOW	0	AI_FIGHT_HYPERAGGRESSIVE | AI_FIGHT_SINGLEMINDED	0	grdworm/queen.kod	grdworm/queen.kod:47	grdworm/queen.kod:48	grdworm/queen.kod:49	grdworm/queen.kod:44
DaemonSkeleton	daemon skeleton	130	156	8	-90	TID_SKELETON4	ATCK_WEAP_THRUST	0	8-13	SPEED_FAST	0	AI_FIGHT_AGGRESSIVE | AI_FIGHT_HYPERAGGRESSIVE | AI_FIGHT_SWITCHALOT | AI_MOVE_FLEE_FRIGHTENERS	0	skel/daemskel.kod	skel/daemskel.kod:48	skel/daemskel.kod:49	skel/daemskel.kod:50	skel/daemskel.kod:44
AvarChieftain	avarchief_name_rsc	135	162	9	80	TID_AVAR_CHIEF	ATCK_WEAP_PIERCE	0	9-13	SPEED_FAST	0	AI_FIGHT_AGGRESSIVE | AI_MOVE_OPTIMAL_RANGE | AI_FIGHT_WIZARD_KILLER | AI_FIGHT_MONSTERS	0	avchief.kod	avchief.kod:83	avchief.kod:84	avchief.kod:85	avchief.kod:79
DragonFlyQueen	dragonfly queen	145	174	6	40	TID_DRAGONFLY	ATCK_WEAP_PIERCE	0	9-14	SPEED_FAST	MOB_RECEIVE	AI_FIGHT_AGGRESSIVE	0	dflyq.kod	dflyq.kod:74	dflyq.kod:75	dflyq.kod:76	dflyq.kod:70
MolluskMonster	mollusk creature	150	180	7	90	TID_TOUGH	ATCK_WEAP_BLUDGEON	0	10-15	SPEED_AVERAGE	0	0	0	mollusk.kod	mollusk.kod:77	mollusk.kod:78	mollusk.kod:79	mollusk.kod:73
Thrasher	thrasher	150	180	7	-75	TID_THRASHER	ATCK_WEAP_BLUDGEON	0	10-15	SPEED_FAST	0	AI_FIGHT_AGGRESSIVE | AI_FIGHT_HYPERAGGRESSIVE | AI_FIGHT_LASHOUT | AI_MOVE_FLEE_FRIGHTENERS	0	thrasher.kod	thrasher.kod:74	thrasher.kod:75	thrasher.kod:62	thrasher.kod:57
Xeochicatl	Xeochicatl	150	180	8	0	TID_NONE	ATCK_WEAP_MAGIC	0	10-15	SPEED_AVERAGE	0	AI_FIGHT_AGGRESSIVE | AI_FIGHT_SWITCHALOT | AI_MOVE_REGROUP | AI_MOVE_WALKTHROUGH_WALLS	0	xeochctl.kod	xeochctl.kod:74	xeochctl.kod:75	xeochctl.kod:77	xeochctl.kod:70
XeoAir	ve'xeochicatl	150	180	7	0	TID_NONE	ATCK_WEAP_MAGIC	0	10-15	SPEED_VERY_FAST	0	AI_FIGHT_AGGRESSIVE | AI_FIGHT_SWITCHALOT | AI_MOVE_REGROUP | AI_MOVE_WALKTHROUGH_WALLS	0	xeochctl/xeoair.kod	xeochctl/xeoair.kod:40	xeochctl/xeoair.kod:41	xeochctl.kod:77	xeochctl.kod:70
Kriipa	kriipa	160	192	6	-50	TID_DRAGONFLY	ATCK_WEAP_SLASH	0	10-16	SPEED_FAST	0	AI_FIGHT_AGGRESSIVE | AI_FIGHT_HYPERAGGRESSIVE	0	kriipa.kod	kriipa.kod:71	kriipa.kod:72	kriipa.kod:73	kriipa.kod:67
SpiderQueen	queen spider	165	198	9	-90	TID_SPIDER_QUEEN	ATCK_WEAP_BITE	0	11-16	SPEED_NONE	MOB_NOMOVE	AI_NOMOVE | AI_FIGHT_AGGRESSIVE | AI_FIGHT_SWITCHALOT	0	spdrquen.kod	spdrquen.kod:54	spdrquen.kod:55	spdrquen.kod:56	spdrquen.kod:50
Yeti	yeti	170	204	9	0	TID_VERY_TOUGH	ATCK_WEAP_CLAW	0	11-17	SPEED_SLOW	0	AI_FIGHT_AGGRESSIVE | AI_MOVE_OPTIMAL_RANGE | AI_FIGHT_SWITCHALOT	0	yeti.kod	yeti.kod:53	yeti.kod:54	yeti.kod:55	yeti.kod:49
XeoFire	ro'xeochicatl	170	204	7	0	TID_NONE	ATCK_WEAP_MAGIC	0	11-17	SPEED_FAST	0	AI_FIGHT_AGGRESSIVE | AI_FIGHT_SWITCHALOT | AI_MOVE_REGROUP | AI_MOVE_WALKTHROUGH_WALLS	0	xeochctl/xeofire.kod	xeochctl/xeofire.kod:40	xeochctl/xeofire.kod:41	xeochctl.kod:77	xeochctl.kod:70
XeoWater	ma'xeochicatl	190	228	8	0	TID_NONE	ATCK_WEAP_MAGIC	0	12-19	SPEED_FAST	0	AI_FIGHT_AGGRESSIVE | AI_FIGHT_SWITCHALOT | AI_MOVE_REGROUP | AI_MOVE_WALKTHROUGH_WALLS	0	xeochctl/xeowater.kod	xeochctl/xeowater.kod:40	xeochctl/xeowater.kod:41	xeochctl.kod:77	xeochctl.kod:70
Cow	cow	200	240	0	0	TID_NONE	ATCK_WEAP_HIT	0	13-20	8	MOB_NOFIGHT	0	0	cow.kod	cow.kod:52	monster.kod:230	monster.kod:227	monster.kod:214
DarkAngel	dark angel	200	240	9	-100	TID_DARK_ANGEL	ATCK_WEAP_MAGIC	ATCK_SPELL_FIRE	13-20	SPEED_VERY_FAST	0	AI_FIGHT_NEWBIESAFE | AI_FIGHT_AGGRESSIVE | AI_FIGHT_SWITCHALOT | AI_MOVE_REGROUP | AI_MOVE_OPTIMAL_RANGE	0	dangel.kod	dangel.kod:71	dangel.kod:72	dangel.kod:73	dangel.kod:66
DeadLich	ghostly remains of Queen Venya'cyr	200	240	9	-100	TID_NONE	ATCK_WEAP_HIT	0	13-20	0	MOB_NOFIGHT | MOB_LISTEN | MOB_RANDOM | MOB_RECEIVE | MOB_TEACHER	AI_NOMOVE| AI_NOFIGHT| AI_NPC	MOB_ROLE_SCHOLAR	deadlich.kod	deadlich.kod:49	deadlich.kod:50	deadlich.kod:51	monster.kod:214
Ghost	ghost	200	240	5	-100	TID_GHOST	ATCK_WEAP_HIT	0	13-20	SPEED_FAST	MOB_ONE_TREASURE	AI_FIGHT_AGGRESSIVE | AI_MOVE_WALKTHROUGH_WALLS | AI_FIGHT_WIZARD_KILLER | AI_MOVE_FLEE_FRIGHTENERS	0	ghost.kod	ghost.kod:60	ghost.kod:61	ghost.kod:62	ghost.kod:57
Lich	Queen Venya'cyr	200	240	9	-100	TID_LICH	ATCK_WEAP_HIT	ATCK_SPELL_UNHOLY	13-20	SPEED_FAST	MOB_LISTEN | MOB_RECEIVE | MOB_TEACHER	AI_FIGHT_AGGRESSIVE | AI_FIGHT_WIZARD_KILLER | AI_FIGHT_HYPERAGGRESSIVE | AI_MOVE_FLEE_FRIGHTENERS | AI_FIGHT_THROUGH_WALLS | AI_FIGHT_SWITCHALOT	0	lich.kod	lich.kod:106	lich.kod:107	lich.kod:108	lich.kod:103
LupoggKing	lupogg king	200	240	9	0	TID_LUPOGG_KING	ATCK_WEAP_CLAW	0	13-20	SPEED_SLOW	MOB_SPASM	AI_FIGHT_AGGRESSIVE | AI_FIGHT_WIZARD_KILLER | AI_FIGHT_HYPERAGGRESSIVE	0	lupking.kod	lupking.kod:65	lupking.kod:66	lupking.kod:67	lupking.kod:62
Shadowbeast	shadowbeast	200	240	7	-100	TID_VERY_TOUGH	ATCK_WEAP_SLASH	0	13-20	SPEED_AVERAGE	0	AI_FIGHT_AGGRESSIVE	0	shadowb.kod	shadowb.kod:56	shadowb.kod:57	shadowb.kod:58	shadowb.kod:52
XeoEarth	te'xeochicatl	200	240	9	0	TID_NONE	ATCK_WEAP_MAGIC	0	13-20	SPEED_AVERAGE	0	AI_FIGHT_AGGRESSIVE | AI_FIGHT_SWITCHALOT | AI_MOVE_REGROUP | AI_MOVE_WALKTHROUGH_WALLS	0	xeochctl/xeoearth.kod	xeochctl/xeoearth.kod:40	xeochctl/xeoearth.kod:41	xeochctl.kod:77	xeochctl.kod:70
